"","iso","alert__year","alert__week","alert__count","confidence__cat","iso_week"
"1","AUS",2012,3,490,"h","2012-W03"
"2","AUS",2012,4,1275,"h","2012-W04"
"3","AUS",2012,5,1420,"h","2012-W05"
"4","AUS",2012,6,1087,"h","2012-W06"
"5","AUS",2012,7,2234,"h","2012-W07"
"6","AUS",2012,8,1450,"h","2012-W08"
"7","AUS",2012,9,316,"h","2012-W09"
"8","AUS",2012,10,230,"h","2012-W10"
"9","AUS",2012,11,266,"h","2012-W11"
"10","AUS",2012,12,410,"h","2012-W12"
"11","AUS",2012,13,955,"h","2012-W13"
"12","AUS",2012,14,1499,"h","2012-W14"
"13","AUS",2012,15,2499,"h","2012-W15"
"14","AUS",2012,16,3021,"h","2012-W16"
"15","AUS",2012,17,940,"h","2012-W17"
"16","AUS",2012,18,2615,"h","2012-W18"
"17","AUS",2012,19,1514,"h","2012-W19"
"18","AUS",2012,20,2086,"h","2012-W20"
"19","AUS",2012,21,2039,"h","2012-W21"
"20","AUS",2012,22,1119,"h","2012-W22"
"21","AUS",2012,23,1789,"h","2012-W23"
"22","AUS",2012,24,1702,"h","2012-W24"
"23","AUS",2012,25,2230,"h","2012-W25"
"24","AUS",2012,26,1606,"h","2012-W26"
"25","AUS",2012,27,1912,"h","2012-W27"
"26","AUS",2012,28,529,"h","2012-W28"
"27","AUS",2012,29,1152,"h","2012-W29"
"28","AUS",2012,30,1538,"h","2012-W30"
"29","AUS",2012,31,2528,"h","2012-W31"
"30","AUS",2012,32,4444,"h","2012-W32"
"31","AUS",2012,33,3518,"h","2012-W33"
"32","AUS",2012,34,3336,"h","2012-W34"
"33","AUS",2012,35,5238,"h","2012-W35"
"34","AUS",2012,36,7985,"h","2012-W36"
"35","AUS",2012,37,6659,"h","2012-W37"
"36","AUS",2012,38,11479,"h","2012-W38"
"37","AUS",2012,39,8688,"h","2012-W39"
"38","AUS",2012,40,8571,"h","2012-W40"
"39","AUS",2012,41,8877,"h","2012-W41"
"40","AUS",2012,42,16246,"h","2012-W42"
"41","AUS",2012,43,21087,"h","2012-W43"
"42","AUS",2012,44,9739,"h","2012-W44"
"43","AUS",2012,45,12861,"h","2012-W45"
"44","AUS",2012,46,8332,"h","2012-W46"
"45","AUS",2012,47,10117,"h","2012-W47"
"46","AUS",2012,48,5422,"h","2012-W48"
"47","AUS",2012,49,7571,"h","2012-W49"
"48","AUS",2012,50,3945,"h","2012-W50"
"49","AUS",2012,51,1671,"h","2012-W51"
"50","AUS",2012,52,1899,"h","2012-W52"
"51","AUS",2013,1,3021,"h","2013-W01"
"52","AUS",2013,2,7881,"h","2013-W02"
"53","AUS",2013,3,2448,"h","2013-W03"
"54","AUS",2013,4,717,"h","2013-W04"
"55","AUS",2013,5,1645,"h","2013-W05"
"56","AUS",2013,6,1306,"h","2013-W06"
"57","AUS",2013,7,387,"h","2013-W07"
"58","AUS",2013,8,869,"h","2013-W08"
"59","AUS",2013,9,119,"h","2013-W09"
"60","AUS",2013,10,148,"h","2013-W10"
"61","AUS",2013,11,319,"h","2013-W11"
"62","AUS",2013,12,965,"h","2013-W12"
"63","AUS",2013,13,252,"h","2013-W13"
"64","AUS",2013,14,665,"h","2013-W14"
"65","AUS",2013,15,1238,"h","2013-W15"
"66","AUS",2013,16,1889,"h","2013-W16"
"67","AUS",2013,17,1638,"h","2013-W17"
"68","AUS",2013,18,1540,"h","2013-W18"
"69","AUS",2013,19,1502,"h","2013-W19"
"70","AUS",2013,20,201,"h","2013-W20"
"71","AUS",2013,21,260,"h","2013-W21"
"72","AUS",2013,22,380,"h","2013-W22"
"73","AUS",2013,23,503,"h","2013-W23"
"74","AUS",2013,24,814,"h","2013-W24"
"75","AUS",2013,25,334,"h","2013-W25"
"76","AUS",2013,26,944,"h","2013-W26"
"77","AUS",2013,27,1064,"h","2013-W27"
"78","AUS",2013,28,577,"h","2013-W28"
"79","AUS",2013,29,625,"h","2013-W29"
"80","AUS",2013,30,1544,"h","2013-W30"
"81","AUS",2013,31,1404,"h","2013-W31"
"82","AUS",2013,32,2008,"h","2013-W32"
"83","AUS",2013,33,1308,"h","2013-W33"
"84","AUS",2013,34,1282,"h","2013-W34"
"85","AUS",2013,35,1239,"h","2013-W35"
"86","AUS",2013,36,1779,"h","2013-W36"
"87","AUS",2013,37,1237,"h","2013-W37"
"88","AUS",2013,38,2976,"h","2013-W38"
"89","AUS",2013,39,2782,"h","2013-W39"
"90","AUS",2013,40,2488,"h","2013-W40"
"91","AUS",2013,41,3912,"h","2013-W41"
"92","AUS",2013,42,2424,"h","2013-W42"
"93","AUS",2013,43,3727,"h","2013-W43"
"94","AUS",2013,44,3154,"h","2013-W44"
"95","AUS",2013,45,5110,"h","2013-W45"
"96","AUS",2013,46,2675,"h","2013-W46"
"97","AUS",2013,47,1264,"h","2013-W47"
"98","AUS",2013,48,1388,"h","2013-W48"
"99","AUS",2013,49,1685,"h","2013-W49"
"100","AUS",2013,50,1162,"h","2013-W50"
"101","AUS",2013,51,1131,"h","2013-W51"
"102","AUS",2013,52,511,"h","2013-W52"
"103","AUS",2014,1,2938,"h","2014-W01"
"104","AUS",2014,2,1506,"h","2014-W02"
"105","AUS",2014,3,4091,"h","2014-W03"
"106","AUS",2014,4,1154,"h","2014-W04"
"107","AUS",2014,5,572,"h","2014-W05"
"108","AUS",2014,6,1421,"h","2014-W06"
"109","AUS",2014,7,343,"h","2014-W07"
"110","AUS",2014,8,382,"h","2014-W08"
"111","AUS",2014,9,334,"h","2014-W09"
"112","AUS",2014,10,384,"h","2014-W10"
"113","AUS",2014,11,650,"h","2014-W11"
"114","AUS",2014,12,1062,"h","2014-W12"
"115","AUS",2014,13,415,"h","2014-W13"
"116","AUS",2014,14,1436,"h","2014-W14"
"117","AUS",2014,15,534,"h","2014-W15"
"118","AUS",2014,16,1334,"h","2014-W16"
"119","AUS",2014,17,1441,"h","2014-W17"
"120","AUS",2014,18,720,"h","2014-W18"
"121","AUS",2014,19,1901,"h","2014-W19"
"122","AUS",2014,20,930,"h","2014-W20"
"123","AUS",2014,21,1052,"h","2014-W21"
"124","AUS",2014,22,1085,"h","2014-W22"
"125","AUS",2014,23,1696,"h","2014-W23"
"126","AUS",2014,24,922,"h","2014-W24"
"127","AUS",2014,25,872,"h","2014-W25"
"128","AUS",2014,26,1916,"h","2014-W26"
"129","AUS",2014,27,1247,"h","2014-W27"
"130","AUS",2014,28,1013,"h","2014-W28"
"131","AUS",2014,29,892,"h","2014-W29"
"132","AUS",2014,30,924,"h","2014-W30"
"133","AUS",2014,31,932,"h","2014-W31"
"134","AUS",2014,32,2195,"h","2014-W32"
"135","AUS",2014,33,2019,"h","2014-W33"
"136","AUS",2014,34,3439,"h","2014-W34"
"137","AUS",2014,35,3012,"h","2014-W35"
"138","AUS",2014,36,4673,"h","2014-W36"
"139","AUS",2014,37,3120,"h","2014-W37"
"140","AUS",2014,38,4827,"h","2014-W38"
"141","AUS",2014,39,4266,"h","2014-W39"
"142","AUS",2014,40,4888,"h","2014-W40"
"143","AUS",2014,41,3741,"h","2014-W41"
"144","AUS",2014,42,7873,"h","2014-W42"
"145","AUS",2014,43,8081,"h","2014-W43"
"146","AUS",2014,44,8216,"h","2014-W44"
"147","AUS",2014,45,3850,"h","2014-W45"
"148","AUS",2014,46,3934,"h","2014-W46"
"149","AUS",2014,47,2719,"h","2014-W47"
"150","AUS",2014,48,1217,"h","2014-W48"
"151","AUS",2014,49,1722,"h","2014-W49"
"152","AUS",2014,50,1035,"h","2014-W50"
"153","AUS",2014,51,1376,"h","2014-W51"
"154","AUS",2014,52,430,"h","2014-W52"
"155","AUS",2015,1,874,"h","2015-W01"
"156","AUS",2015,2,666,"h","2015-W02"
"157","AUS",2015,3,176,"h","2015-W03"
"158","AUS",2015,4,709,"h","2015-W04"
"159","AUS",2015,5,365,"h","2015-W05"
"160","AUS",2015,6,1273,"h","2015-W06"
"161","AUS",2015,7,660,"h","2015-W07"
"162","AUS",2015,8,445,"h","2015-W08"
"163","AUS",2015,9,244,"h","2015-W09"
"164","AUS",2015,10,622,"h","2015-W10"
"165","AUS",2015,11,1287,"h","2015-W11"
"166","AUS",2015,12,1392,"h","2015-W12"
"167","AUS",2015,13,1452,"h","2015-W13"
"168","AUS",2015,14,1505,"h","2015-W14"
"169","AUS",2015,15,1938,"h","2015-W15"
"170","AUS",2015,16,1600,"h","2015-W16"
"171","AUS",2015,17,1168,"h","2015-W17"
"172","AUS",2015,18,3670,"h","2015-W18"
"173","AUS",2015,19,2899,"h","2015-W19"
"174","AUS",2015,20,2676,"h","2015-W20"
"175","AUS",2015,21,1369,"h","2015-W21"
"176","AUS",2015,22,1003,"h","2015-W22"
"177","AUS",2015,23,1315,"h","2015-W23"
"178","AUS",2015,24,496,"h","2015-W24"
"179","AUS",2015,25,668,"h","2015-W25"
"180","AUS",2015,26,1704,"h","2015-W26"
"181","AUS",2015,27,597,"h","2015-W27"
"182","AUS",2015,28,1023,"h","2015-W28"
"183","AUS",2015,29,1195,"h","2015-W29"
"184","AUS",2015,30,1021,"h","2015-W30"
"185","AUS",2015,31,1366,"h","2015-W31"
"186","AUS",2015,32,1177,"h","2015-W32"
"187","AUS",2015,33,1954,"h","2015-W33"
"188","AUS",2015,34,2061,"h","2015-W34"
"189","AUS",2015,35,886,"h","2015-W35"
"190","AUS",2015,36,2212,"h","2015-W36"
"191","AUS",2015,37,3065,"h","2015-W37"
"192","AUS",2015,38,2582,"h","2015-W38"
"193","AUS",2015,39,3942,"h","2015-W39"
"194","AUS",2015,40,5928,"h","2015-W40"
"195","AUS",2015,41,2654,"h","2015-W41"
"196","AUS",2015,42,3523,"h","2015-W42"
"197","AUS",2015,43,4396,"h","2015-W43"
"198","AUS",2015,44,4603,"h","2015-W44"
"199","AUS",2015,45,3217,"h","2015-W45"
"200","AUS",2015,46,2769,"h","2015-W46"
"201","AUS",2015,47,11142,"h","2015-W47"
"202","AUS",2015,48,3849,"h","2015-W48"
"203","AUS",2015,49,2525,"h","2015-W49"
"204","AUS",2015,50,938,"h","2015-W50"
"205","AUS",2015,51,949,"h","2015-W51"
"206","AUS",2015,52,600,"h","2015-W52"
"207","AUS",2015,53,514,"h","2015-W53"
"208","AUS",2016,1,1410,"h","2016-W01"
"209","AUS",2016,2,714,"h","2016-W02"
"210","AUS",2016,3,348,"h","2016-W03"
"211","AUS",2016,4,350,"h","2016-W04"
"212","AUS",2016,5,80,"h","2016-W05"
"213","AUS",2016,6,391,"h","2016-W06"
"214","AUS",2016,7,330,"h","2016-W07"
"215","AUS",2016,8,386,"h","2016-W08"
"216","AUS",2016,9,632,"h","2016-W09"
"217","AUS",2016,10,364,"h","2016-W10"
"218","AUS",2016,11,338,"h","2016-W11"
"219","AUS",2016,12,470,"h","2016-W12"
"220","AUS",2016,13,1099,"h","2016-W13"
"221","AUS",2016,14,1356,"h","2016-W14"
"222","AUS",2016,15,2074,"h","2016-W15"
"223","AUS",2016,16,2480,"h","2016-W16"
"224","AUS",2016,17,1080,"h","2016-W17"
"225","AUS",2016,18,466,"h","2016-W18"
"226","AUS",2016,19,708,"h","2016-W19"
"227","AUS",2016,20,1004,"h","2016-W20"
"228","AUS",2016,21,428,"h","2016-W21"
"229","AUS",2016,22,595,"h","2016-W22"
"230","AUS",2016,23,1011,"h","2016-W23"
"231","AUS",2016,24,517,"h","2016-W24"
"232","AUS",2016,25,385,"h","2016-W25"
"233","AUS",2016,26,1131,"h","2016-W26"
"234","AUS",2016,27,1665,"h","2016-W27"
"235","AUS",2016,28,422,"h","2016-W28"
"236","AUS",2016,29,1035,"h","2016-W29"
"237","AUS",2016,30,1806,"h","2016-W30"
"238","AUS",2016,31,1189,"h","2016-W31"
"239","AUS",2016,32,825,"h","2016-W32"
"240","AUS",2016,33,940,"h","2016-W33"
"241","AUS",2016,34,892,"h","2016-W34"
"242","AUS",2016,35,376,"h","2016-W35"
"243","AUS",2016,36,337,"h","2016-W36"
"244","AUS",2016,37,187,"h","2016-W37"
"245","AUS",2016,38,417,"h","2016-W38"
"246","AUS",2016,39,736,"h","2016-W39"
"247","AUS",2016,40,2092,"h","2016-W40"
"248","AUS",2016,41,2801,"h","2016-W41"
"249","AUS",2016,42,1481,"h","2016-W42"
"250","AUS",2016,43,1288,"h","2016-W43"
"251","AUS",2016,44,2033,"h","2016-W44"
"252","AUS",2016,45,2803,"h","2016-W45"
"253","AUS",2016,46,4532,"h","2016-W46"
"254","AUS",2016,47,2185,"h","2016-W47"
"255","AUS",2016,48,3293,"h","2016-W48"
"256","AUS",2016,49,3240,"h","2016-W49"
"257","AUS",2016,50,805,"h","2016-W50"
"258","AUS",2016,51,376,"h","2016-W51"
"259","AUS",2016,52,411,"h","2016-W52"
"260","AUS",2017,1,98,"h","2017-W01"
"261","AUS",2017,2,150,"h","2017-W02"
"262","AUS",2017,3,178,"h","2017-W03"
"263","AUS",2017,4,206,"h","2017-W04"
"264","AUS",2017,5,171,"h","2017-W05"
"265","AUS",2017,6,586,"h","2017-W06"
"266","AUS",2017,7,309,"h","2017-W07"
"267","AUS",2017,8,535,"h","2017-W08"
"268","AUS",2017,9,339,"h","2017-W09"
"269","AUS",2017,10,550,"h","2017-W10"
"270","AUS",2017,11,739,"h","2017-W11"
"271","AUS",2017,12,660,"h","2017-W12"
"272","AUS",2017,13,1916,"h","2017-W13"
"273","AUS",2017,14,2599,"h","2017-W14"
"274","AUS",2017,15,1702,"h","2017-W15"
"275","AUS",2017,16,2024,"h","2017-W16"
"276","AUS",2017,17,694,"h","2017-W17"
"277","AUS",2017,18,2401,"h","2017-W18"
"278","AUS",2017,19,2996,"h","2017-W19"
"279","AUS",2017,20,2435,"h","2017-W20"
"280","AUS",2017,21,1434,"h","2017-W21"
"281","AUS",2017,22,1099,"h","2017-W22"
"282","AUS",2017,23,1673,"h","2017-W23"
"283","AUS",2017,24,1545,"h","2017-W24"
"284","AUS",2017,25,1370,"h","2017-W25"
"285","AUS",2017,26,489,"h","2017-W26"
"286","AUS",2017,27,350,"h","2017-W27"
"287","AUS",2017,28,1126,"h","2017-W28"
"288","AUS",2017,29,1119,"h","2017-W29"
"289","AUS",2017,30,1490,"h","2017-W30"
"290","AUS",2017,31,1238,"h","2017-W31"
"291","AUS",2017,32,1662,"h","2017-W32"
"292","AUS",2017,33,1884,"h","2017-W33"
"293","AUS",2017,34,1797,"h","2017-W34"
"294","AUS",2017,35,2726,"h","2017-W35"
"295","AUS",2017,36,2666,"h","2017-W36"
"296","AUS",2017,37,4467,"h","2017-W37"
"297","AUS",2017,38,11139,"h","2017-W38"
"298","AUS",2017,39,3999,"h","2017-W39"
"299","AUS",2017,40,2725,"h","2017-W40"
"300","AUS",2017,41,1480,"h","2017-W41"
"301","AUS",2017,42,3230,"h","2017-W42"
"302","AUS",2017,43,4893,"h","2017-W43"
"303","AUS",2017,44,9132,"h","2017-W44"
"304","AUS",2017,45,5243,"h","2017-W45"
"305","AUS",2017,46,2692,"h","2017-W46"
"306","AUS",2017,47,2420,"h","2017-W47"
"307","AUS",2017,48,7273,"h","2017-W48"
"308","AUS",2017,49,4890,"h","2017-W49"
"309","AUS",2017,50,3642,"h","2017-W50"
"310","AUS",2017,51,5018,"h","2017-W51"
"311","AUS",2017,52,1772,"h","2017-W52"
"312","AUS",2018,1,1635,"h","2018-W01"
"313","AUS",2018,2,1161,"h","2018-W02"
"314","AUS",2018,3,1348,"h","2018-W03"
"315","AUS",2018,4,654,"h","2018-W04"
"316","AUS",2018,5,99,"h","2018-W05"
"317","AUS",2018,6,632,"h","2018-W06"
"318","AUS",2018,7,684,"h","2018-W07"
"319","AUS",2018,8,136,"h","2018-W08"
"320","AUS",2018,9,363,"h","2018-W09"
"321","AUS",2018,10,403,"h","2018-W10"
"322","AUS",2018,11,806,"h","2018-W11"
"323","AUS",2018,12,508,"h","2018-W12"
"324","AUS",2018,13,1543,"h","2018-W13"
"325","AUS",2018,14,2883,"h","2018-W14"
"326","AUS",2018,15,2773,"h","2018-W15"
"327","AUS",2018,16,3677,"h","2018-W16"
"328","AUS",2018,17,4273,"h","2018-W17"
"329","AUS",2018,18,3161,"h","2018-W18"
"330","AUS",2018,19,4163,"h","2018-W19"
"331","AUS",2018,20,4128,"h","2018-W20"
"332","AUS",2018,21,1858,"h","2018-W21"
"333","AUS",2018,22,1829,"h","2018-W22"
"334","AUS",2018,23,1962,"h","2018-W23"
"335","AUS",2018,24,783,"h","2018-W24"
"336","AUS",2018,25,1424,"h","2018-W25"
"337","AUS",2018,26,867,"h","2018-W26"
"338","AUS",2018,27,873,"h","2018-W27"
"339","AUS",2018,28,2472,"h","2018-W28"
"340","AUS",2018,29,1402,"h","2018-W29"
"341","AUS",2018,30,1807,"h","2018-W30"
"342","AUS",2018,31,972,"h","2018-W31"
"343","AUS",2018,32,1115,"h","2018-W32"
"344","AUS",2018,33,2107,"h","2018-W33"
"345","AUS",2018,34,1677,"h","2018-W34"
"346","AUS",2018,35,1070,"h","2018-W35"
"347","AUS",2018,36,2747,"h","2018-W36"
"348","AUS",2018,37,2985,"h","2018-W37"
"349","AUS",2018,38,2973,"h","2018-W38"
"350","AUS",2018,39,3235,"h","2018-W39"
"351","AUS",2018,40,3858,"h","2018-W40"
"352","AUS",2018,41,11584,"h","2018-W41"
"353","AUS",2018,42,8801,"h","2018-W42"
"354","AUS",2018,43,6574,"h","2018-W43"
"355","AUS",2018,44,4630,"h","2018-W44"
"356","AUS",2018,45,4886,"h","2018-W45"
"357","AUS",2018,46,3869,"h","2018-W46"
"358","AUS",2018,47,3835,"h","2018-W47"
"359","AUS",2018,48,7775,"h","2018-W48"
"360","AUS",2018,49,5007,"h","2018-W49"
"361","AUS",2018,50,2392,"h","2018-W50"
"362","AUS",2018,51,1227,"h","2018-W51"
"363","AUS",2018,52,2709,"h","2018-W52"
"364","AUS",2019,1,5226,"h","2019-W01"
"365","AUS",2019,2,4882,"h","2019-W02"
"366","AUS",2019,3,2962,"h","2019-W03"
"367","AUS",2019,4,2611,"h","2019-W04"
"368","AUS",2019,5,1597,"h","2019-W05"
"369","AUS",2019,6,474,"h","2019-W06"
"370","AUS",2019,7,3376,"h","2019-W07"
"371","AUS",2019,8,5087,"h","2019-W08"
"372","AUS",2019,9,4496,"h","2019-W09"
"373","AUS",2019,10,1123,"h","2019-W10"
"374","AUS",2019,11,924,"h","2019-W11"
"375","AUS",2019,12,648,"h","2019-W12"
"376","AUS",2019,13,545,"h","2019-W13"
"377","AUS",2019,14,1020,"h","2019-W14"
"378","AUS",2019,15,1208,"h","2019-W15"
"379","AUS",2019,16,610,"h","2019-W16"
"380","AUS",2019,17,1141,"h","2019-W17"
"381","AUS",2019,18,766,"h","2019-W18"
"382","AUS",2019,19,1178,"h","2019-W19"
"383","AUS",2019,20,1276,"h","2019-W20"
"384","AUS",2019,21,876,"h","2019-W21"
"385","AUS",2019,22,1009,"h","2019-W22"
"386","AUS",2019,23,715,"h","2019-W23"
"387","AUS",2019,24,631,"h","2019-W24"
"388","AUS",2019,25,1296,"h","2019-W25"
"389","AUS",2019,26,1176,"h","2019-W26"
"390","AUS",2019,27,1147,"h","2019-W27"
"391","AUS",2019,28,1108,"h","2019-W28"
"392","AUS",2019,29,1481,"h","2019-W29"
"393","AUS",2019,30,2169,"h","2019-W30"
"394","AUS",2019,31,1333,"h","2019-W31"
"395","AUS",2019,32,922,"h","2019-W32"
"396","AUS",2019,33,1003,"h","2019-W33"
"397","AUS",2019,34,1161,"h","2019-W34"
"398","AUS",2019,35,1212,"h","2019-W35"
"399","AUS",2019,36,2679,"h","2019-W36"
"400","AUS",2019,37,3139,"h","2019-W37"
"401","AUS",2019,38,1360,"h","2019-W38"
"402","AUS",2019,39,1267,"h","2019-W39"
"403","AUS",2019,40,4265,"h","2019-W40"
"404","AUS",2019,41,3618,"h","2019-W41"
"405","AUS",2019,42,4078,"h","2019-W42"
"406","AUS",2019,43,4436,"h","2019-W43"
"407","AUS",2019,44,2079,"h","2019-W44"
"408","AUS",2019,45,10740,"h","2019-W45"
"409","AUS",2019,46,7266,"h","2019-W46"
"410","AUS",2019,47,5650,"h","2019-W47"
"411","AUS",2019,48,3400,"h","2019-W48"
"412","AUS",2019,49,9191,"h","2019-W49"
"413","AUS",2019,50,5425,"h","2019-W50"
"414","AUS",2019,51,12525,"h","2019-W51"
"415","AUS",2019,52,9361,"h","2019-W52"
"416","AUS",2020,1,22208,"h","2020-W01"
"417","AUS",2020,2,4874,"h","2020-W02"
"418","AUS",2020,3,1169,"h","2020-W03"
"419","AUS",2020,4,855,"h","2020-W04"
"420","AUS",2020,5,2929,"h","2020-W05"
"421","AUS",2020,6,2048,"h","2020-W06"
"422","AUS",2020,7,506,"h","2020-W07"
"423","AUS",2020,8,195,"h","2020-W08"
"424","AUS",2020,9,66,"h","2020-W09"
"425","AUS",2020,10,59,"h","2020-W10"
"426","AUS",2020,11,282,"h","2020-W11"
"427","AUS",2020,12,353,"h","2020-W12"
"428","AUS",2020,13,575,"h","2020-W13"
"429","AUS",2020,14,734,"h","2020-W14"
"430","AUS",2020,15,245,"h","2020-W15"
"431","AUS",2020,16,383,"h","2020-W16"
"432","AUS",2020,17,722,"h","2020-W17"
"433","AUS",2020,18,1355,"h","2020-W18"
"434","AUS",2020,19,1065,"h","2020-W19"
"435","AUS",2020,20,1299,"h","2020-W20"
"436","AUS",2020,21,246,"h","2020-W21"
"437","AUS",2020,22,598,"h","2020-W22"
"438","AUS",2020,23,1218,"h","2020-W23"
"439","AUS",2020,24,628,"h","2020-W24"
"440","AUS",2020,25,897,"h","2020-W25"
"441","AUS",2020,26,831,"h","2020-W26"
"442","AUS",2020,27,846,"h","2020-W27"
"443","AUS",2020,28,620,"h","2020-W28"
"444","AUS",2020,29,1080,"h","2020-W29"
"445","AUS",2020,30,1056,"h","2020-W30"
"446","AUS",2020,31,1168,"h","2020-W31"
"447","AUS",2020,32,199,"h","2020-W32"
"448","AUS",2020,33,545,"h","2020-W33"
"449","AUS",2020,34,684,"h","2020-W34"
"450","AUS",2020,35,1829,"h","2020-W35"
"451","AUS",2020,36,926,"h","2020-W36"
"452","AUS",2020,37,848,"h","2020-W37"
"453","AUS",2020,38,546,"h","2020-W38"
"454","AUS",2020,39,673,"h","2020-W39"
"455","AUS",2020,40,921,"h","2020-W40"
"456","AUS",2020,41,1258,"h","2020-W41"
"457","AUS",2020,42,903,"h","2020-W42"
"458","AUS",2020,43,1112,"h","2020-W43"
"459","AUS",2020,44,1841,"h","2020-W44"
"460","AUS",2020,45,2838,"h","2020-W45"
"461","AUS",2020,46,1960,"h","2020-W46"
"462","AUS",2020,47,3618,"h","2020-W47"
"463","AUS",2020,48,1597,"h","2020-W48"
"464","AUS",2020,49,1468,"h","2020-W49"
"465","AUS",2020,50,820,"h","2020-W50"
"466","AUS",2020,51,243,"h","2020-W51"
"467","AUS",2020,52,94,"h","2020-W52"
"468","AUS",2020,53,80,"h","2020-W53"
"469","AUS",2021,1,161,"h","2021-W01"
"470","AUS",2021,2,258,"h","2021-W02"
"471","AUS",2021,3,387,"h","2021-W03"
"472","AUS",2021,4,162,"h","2021-W04"
"473","AUS",2021,5,178,"h","2021-W05"
"474","AUS",2021,6,66,"h","2021-W06"
"475","AUS",2021,7,109,"h","2021-W07"
"476","AUS",2021,8,174,"h","2021-W08"
"477","AUS",2021,9,254,"h","2021-W09"
"478","AUS",2021,10,325,"h","2021-W10"
"479","AUS",2021,11,594,"h","2021-W11"
"480","AUS",2021,12,182,"h","2021-W12"
"481","AUS",2021,13,653,"h","2021-W13"
"482","AUS",2021,14,904,"h","2021-W14"
"483","AUS",2021,15,884,"h","2021-W15"
"484","AUS",2021,16,1808,"h","2021-W16"
"485","AUS",2021,17,1638,"h","2021-W17"
"486","AUS",2021,18,1972,"h","2021-W18"
"487","AUS",2021,19,2286,"h","2021-W19"
"488","AUS",2021,20,1843,"h","2021-W20"
"489","AUS",2021,21,1662,"h","2021-W21"
"490","AUS",2021,22,423,"h","2021-W22"
"491","AUS",2021,23,630,"h","2021-W23"
"492","AUS",2021,24,662,"h","2021-W24"
"493","AUS",2021,25,603,"h","2021-W25"
"494","AUS",2021,26,480,"h","2021-W26"
"495","AUS",2021,27,612,"h","2021-W27"
"496","AUS",2021,28,707,"h","2021-W28"
"497","AUS",2021,29,1157,"h","2021-W29"
"498","AUS",2021,30,1167,"h","2021-W30"
"499","AUS",2021,31,878,"h","2021-W31"
"500","AUS",2021,32,920,"h","2021-W32"
"501","AUS",2021,33,1594,"h","2021-W33"
"502","AUS",2021,34,1259,"h","2021-W34"
"503","AUS",2021,35,1160,"h","2021-W35"
"504","AUS",2021,36,1083,"h","2021-W36"
"505","AUS",2021,37,1281,"h","2021-W37"
"506","AUS",2021,38,2415,"h","2021-W38"
"507","AUS",2021,39,943,"h","2021-W39"
"508","AUS",2021,40,1664,"h","2021-W40"
"509","AUS",2021,41,1842,"h","2021-W41"
"510","AUS",2021,42,5300,"h","2021-W42"
"511","AUS",2021,43,2872,"h","2021-W43"
"512","AUS",2021,44,2110,"h","2021-W44"
"513","AUS",2021,45,1405,"h","2021-W45"
"514","AUS",2021,46,3232,"h","2021-W46"
"515","AUS",2021,47,1792,"h","2021-W47"
"516","AUS",2021,48,1385,"h","2021-W48"
"517","AUS",2021,49,1893,"h","2021-W49"
"518","AUS",2021,50,2178,"h","2021-W50"
"519","AUS",2021,51,1684,"h","2021-W51"
"520","AUS",2021,52,778,"h","2021-W52"
"521","AUS",2022,1,1297,"h","2022-W01"
"522","AUS",2022,2,2861,"h","2022-W02"
"523","AUS",2022,3,244,"h","2022-W03"
"524","AUS",2022,4,89,"h","2022-W04"
"525","AUS",2022,5,325,"h","2022-W05"
"526","AUS",2022,6,109,"h","2022-W06"
"527","AUS",2022,7,564,"h","2022-W07"
"528","AUS",2022,8,320,"h","2022-W08"
"529","AUS",2022,9,438,"h","2022-W09"
"530","AUS",2022,10,780,"h","2022-W10"
"531","AUS",2022,11,785,"h","2022-W11"
"532","AUS",2022,12,1639,"h","2022-W12"
"533","AUS",2022,13,1533,"h","2022-W13"
"534","AUS",2022,14,3645,"h","2022-W14"
"535","AUS",2022,15,1942,"h","2022-W15"
"536","AUS",2022,16,1940,"h","2022-W16"
"537","AUS",2022,17,766,"h","2022-W17"
"538","AUS",2022,18,2047,"h","2022-W18"
"539","AUS",2022,19,1121,"h","2022-W19"
"540","AUS",2022,20,2127,"h","2022-W20"
"541","AUS",2022,21,1219,"h","2022-W21"
"542","AUS",2022,22,379,"h","2022-W22"
"543","AUS",2022,23,572,"h","2022-W23"
"544","AUS",2022,24,1577,"h","2022-W24"
"545","AUS",2022,25,952,"h","2022-W25"
"546","AUS",2022,26,149,"h","2022-W26"
"547","AUS",2022,27,842,"h","2022-W27"
"548","AUS",2022,28,902,"h","2022-W28"
"549","AUS",2022,29,1385,"h","2022-W29"
"550","AUS",2022,30,511,"h","2022-W30"
"551","AUS",2022,34,1428,"h","2022-W34"
"552","AUS",2022,35,552,"h","2022-W35"
"553","AUS",2022,36,701,"h","2022-W36"
"554","AUS",2022,37,963,"h","2022-W37"
"555","AUS",2022,38,2058,"h","2022-W38"
"556","AUS",2022,39,873,"h","2022-W39"
"557","AUS",2022,40,627,"h","2022-W40"
"558","AUS",2022,41,1004,"h","2022-W41"
"559","AUS",2022,42,1940,"h","2022-W42"
"560","AUS",2022,43,2059,"h","2022-W43"
"561","AUS",2022,44,4572,"h","2022-W44"
"562","AUS",2022,45,1598,"h","2022-W45"
"563","AUS",2022,46,1439,"h","2022-W46"
"564","AUS",2022,47,500,"h","2022-W47"
"565","AUS",2022,48,624,"h","2022-W48"
"566","AUS",2022,49,1400,"h","2022-W49"
"567","AUS",2022,50,1228,"h","2022-W50"
"568","AUS",2022,51,292,"h","2022-W51"
"569","AUS",2022,52,392,"h","2022-W52"
"570","AUS",2023,1,133,"h","2023-W01"
"571","AUS",2023,2,284,"h","2023-W02"
"572","AUS",2023,3,175,"h","2023-W03"
"573","AUS",2023,4,172,"h","2023-W04"
"574","AUS",2023,5,134,"h","2023-W05"
"575","AUS",2023,6,698,"h","2023-W06"
"576","AUS",2023,7,774,"h","2023-W07"
"577","AUS",2023,8,480,"h","2023-W08"
"578","AUS",2023,9,790,"h","2023-W09"
"579","AUS",2023,10,2337,"h","2023-W10"
"580","AUS",2023,11,1165,"h","2023-W11"
"581","AUS",2023,12,1143,"h","2023-W12"
"582","AUS",2023,13,806,"h","2023-W13"
"583","AUS",2023,14,1907,"h","2023-W14"
"584","AUS",2023,15,559,"h","2023-W15"
"585","AUS",2023,16,2297,"h","2023-W16"
"586","AUS",2023,17,1919,"h","2023-W17"
"587","AUS",2023,18,1392,"h","2023-W18"
"588","AUS",2023,19,1793,"h","2023-W19"
"589","AUS",2023,20,2405,"h","2023-W20"
"590","AUS",2023,21,2582,"h","2023-W21"
"591","AUS",2023,22,2169,"h","2023-W22"
"592","AUS",2023,23,1121,"h","2023-W23"
"593","AUS",2023,24,1393,"h","2023-W24"
"594","AUS",2023,25,1028,"h","2023-W25"
"595","AUS",2023,26,605,"h","2023-W26"
"596","AUS",2023,27,421,"h","2023-W27"
"597","AUS",2023,28,717,"h","2023-W28"
"598","AUS",2023,29,967,"h","2023-W29"
"599","AUS",2023,30,1073,"h","2023-W30"
"600","AUS",2023,31,667,"h","2023-W31"
"601","AUS",2023,32,1125,"h","2023-W32"
"602","AUS",2023,33,1351,"h","2023-W33"
"603","AUS",2023,34,2024,"h","2023-W34"
"604","AUS",2023,35,3108,"h","2023-W35"
"605","AUS",2023,36,5243,"h","2023-W36"
"606","AUS",2023,37,5011,"h","2023-W37"
"607","AUS",2023,38,4616,"h","2023-W38"
"608","AUS",2023,39,6191,"h","2023-W39"
"609","AUS",2023,40,11367,"h","2023-W40"
"610","AUS",2023,41,12006,"h","2023-W41"
"611","AUS",2023,42,17925,"h","2023-W42"
"612","AUS",2023,43,17638,"h","2023-W43"
"613","AUS",2023,44,10723,"h","2023-W44"
"614","AUS",2023,45,10233,"h","2023-W45"
"615","AUS",2023,46,4093,"h","2023-W46"
"616","AUS",2023,47,1348,"h","2023-W47"
"617","AUS",2023,48,1865,"h","2023-W48"
"618","AUS",2023,49,6770,"h","2023-W49"
"619","AUS",2023,50,2456,"h","2023-W50"
"620","AUS",2023,51,3308,"h","2023-W51"
"621","AUS",2023,52,7212,"h","2023-W52"
"622","AUS",2024,1,2029,"h","2024-W01"
"623","AUS",2024,2,484,"h","2024-W02"
"624","AUS",2024,3,201,"h","2024-W03"
"625","AUS",2024,4,388,"h","2024-W04"
"626","AUS",2024,5,256,"h","2024-W05"
"627","AUS",2024,6,411,"h","2024-W06"
"628","AUS",2024,7,155,"h","2024-W07"
"629","AUS",2024,8,537,"h","2024-W08"
"630","AUS",2024,9,205,"h","2024-W09"
"631","AUS",2024,10,279,"h","2024-W10"
"632","AUS",2024,11,286,"h","2024-W11"
"633","AUS",2024,12,479,"h","2024-W12"
"634","AUS",2024,13,1160,"h","2024-W13"
"635","AUS",2024,14,668,"h","2024-W14"
"636","AUS",2024,15,1455,"h","2024-W15"
"637","AUS",2024,16,1918,"h","2024-W16"
"638","AUS",2024,17,2139,"h","2024-W17"
"639","AUS",2024,18,694,"h","2024-W18"
"640","AUS",2024,19,1211,"h","2024-W19"
"641","AUS",2024,20,1229,"h","2024-W20"
"642","AUS",2024,21,1438,"h","2024-W21"
"643","AUS",2024,22,321,"h","2024-W22"
"644","AUS",2024,23,734,"h","2024-W23"
"645","AUS",2024,24,1277,"h","2024-W24"
"646","AUS",2024,25,1344,"h","2024-W25"
"647","AUS",2024,26,576,"h","2024-W26"
"648","AUS",2024,27,535,"h","2024-W27"
"649","AUS",2024,28,262,"h","2024-W28"
"650","AUS",2024,29,838,"h","2024-W29"
"651","AUS",2024,30,407,"h","2024-W30"
"652","AUS",2024,31,600,"h","2024-W31"
"653","AUS",2024,32,1040,"h","2024-W32"
"654","AUS",2024,33,1330,"h","2024-W33"
"655","AUS",2024,34,1159,"h","2024-W34"
"656","AUS",2024,35,1390,"h","2024-W35"
"657","AUS",2024,36,1190,"h","2024-W36"
"658","AUS",2024,37,2076,"h","2024-W37"
"659","AUS",2024,38,1633,"h","2024-W38"
"660","AUS",2024,39,771,"h","2024-W39"
"661","AUS",2024,40,2840,"h","2024-W40"
"662","AUS",2024,41,6522,"h","2024-W41"
"663","AUS",2024,42,2491,"h","2024-W42"
"664","AUS",2024,43,6176,"h","2024-W43"
"665","AUS",2024,44,4852,"h","2024-W44"
"666","AUS",2024,45,1604,"h","2024-W45"
"667","AUS",2024,46,3844,"h","2024-W46"
"668","AUS",2024,47,843,"h","2024-W47"
"669","AUS",2024,48,1539,"h","2024-W48"
"670","AUS",2024,49,508,"h","2024-W49"
"671","AUS",2024,50,1464,"h","2024-W50"
"672","AUS",2024,51,1060,"h","2024-W51"
"673","AUS",2024,52,1321,"h","2024-W52"
"674","AUS",2025,1,993,"h","2025-W01"
"675","AUS",2025,2,1136,"h","2025-W02"
"676","AUS",2025,3,1321,"h","2025-W03"
"677","AUS",2025,4,1517,"h","2025-W04"
"678","AUS",2025,5,3433,"h","2025-W05"
"679","AUS",2025,6,1275,"h","2025-W06"
"680","AUS",2025,7,544,"h","2025-W07"
"681","AUS",2025,8,327,"h","2025-W08"
"682","AUS",2025,9,769,"h","2025-W09"
"683","AUS",2025,10,869,"h","2025-W10"
"684","AUS",2025,11,534,"h","2025-W11"
"685","AUS",2025,12,436,"h","2025-W12"
"686","AUS",2025,13,250,"h","2025-W13"
"687","AUS",2025,14,296,"h","2025-W14"
"688","AUS",2025,15,1080,"h","2025-W15"
"689","AUS",2025,16,780,"h","2025-W16"
"690","AUS",2025,17,226,"h","2025-W17"
"691","AUS",2025,18,1377,"h","2025-W18"
"692","AUS",2025,19,1714,"h","2025-W19"
"693","AUS",2025,20,1861,"h","2025-W20"
"694","AUS",2025,21,1509,"h","2025-W21"
"695","AUS",2025,22,389,"h","2025-W22"
"696","AUS",2025,23,447,"h","2025-W23"
"697","AUS",2025,24,952,"h","2025-W24"
"698","AUS",2025,25,1140,"h","2025-W25"
"699","AUS",2025,26,863,"h","2025-W26"
"700","AUS",2025,27,908,"h","2025-W27"
"701","AUS",2025,28,1034,"h","2025-W28"
"702","AUS",2025,29,887,"h","2025-W29"
"703","AUS",2025,30,1252,"h","2025-W30"
"704","AUS",2025,31,1021,"h","2025-W31"
"705","AUS",2025,32,1090,"h","2025-W32"
"706","AUS",2025,33,2172,"h","2025-W33"
"707","AUS",2025,34,2517,"h","2025-W34"
"708","AUS",2025,35,2090,"h","2025-W35"
"709","AUS",2025,36,2307,"h","2025-W36"
"710","AUS",2025,37,1073,"h","2025-W37"
"711","AUS",2025,38,1271,"h","2025-W38"
"712","AUS",2025,39,2573,"h","2025-W39"
"713","AUS",2025,40,6640,"h","2025-W40"
"714","AUS",2025,41,4411,"h","2025-W41"
"715","AUS",2025,42,5162,"h","2025-W42"
